id,first_name,last_name,email,gender,ip_address
1,Meredithe,Ringer,mringer0@accuweather.com,Female,32.67.129.144
2,Antonietta,Whitloe,awhitloe1@simplemachines.org,Female,90.34.167.114
3,Oona,Whistance,owhistance2@paypal.com,Female,165.83.52.5
4,Koralle,Halliwell,khalliwell3@biblegateway.com,Agender,216.32.45.66
5,Tamara,Dufaire,tdufaire4@free.fr,Female,241.66.106.167
6,Rori,Kybbye,rkybbye5@cnet.com,Bigender,146.162.161.224
7,Bard,Baptist,bbaptist6@rambler.ru,Non-binary,33.151.136.223
8,Jasper,McAllister,jmcallister7@myspace.com,Male,158.57.151.161
9,Penelope,Reis,preis8@lycos.com,Female,171.130.181.232
10,Sol,Dabell,sdabell9@answers.com,Male,121.49.81.3
11,Xena,Treneman,xtrenemana@bloglovin.com,Female,248.12.145.119
12,Jordain,Iddens,jiddensb@admin.ch,Female,240.160.87.131
13,Augustine,Klasen,aklasenc@independent.co.uk,Genderfluid,171.255.235.8
14,Philippa,Gemelli,pgemellid@berkeley.edu,Female,139.58.73.15
15,Wilona,Plett,wplette@uiuc.edu,Female,17.39.232.169
16,Gilburt,Caldera,gcalderaf@fastcompany.com,Male,64.175.33.182
17,Jourdan,Kilian,jkiliang@cmu.edu,Female,207.69.118.60
18,Barde,Newton,bnewtonh@histats.com,Male,119.112.128.16
19,Fanchon,Lewzey,flewzeyi@hc360.com,Female,101.31.123.213
20,Amos,Britten,abrittenj@google.co.jp,Male,253.133.119.160
21,Lorrie,Kunes,lkunesk@vistaprint.com,Female,20.117.8.51
22,Glenine,Sealand,gsealandl@bbb.org,Female,0.28.225.78
23,Codie,Rapaport,crapaportm@fotki.com,Female,41.218.157.51
24,Tadd,Bickerdyke,tbickerdyken@drupal.org,Male,162.172.102.207
25,Laurens,Gibberd,lgibberdo@t-online.de,Male,161.201.114.187
26,Lelah,Szymoni,lszymonip@omniture.com,Female,125.198.85.47
27,Wake,Pulster,wpulsterq@privacy.gov.au,Male,119.217.9.87
28,Carlin,Pavlovsky,cpavlovskyr@mashable.com,Female,25.79.160.251
29,Crystal,Frie,cfries@de.vu,Female,0.99.110.40
30,Richy,Danilovich,rdanilovicht@globo.com,Male,229.25.106.48
31,Andrej,Dibbert,adibbertu@bandcamp.com,Male,219.94.167.132
32,Bertrando,Langan,blanganv@nifty.com,Male,3.220.78.47
33,Annecorinne,Ridehalgh,aridehalghw@t-online.de,Female,196.221.54.111
34,Prudy,Redit,preditx@unblog.fr,Female,210.46.85.234
35,Darius,Gilffilland,dgilffillandy@themeforest.net,Male,66.237.58.3
36,Ludovico,Younglove,lyounglovez@epa.gov,Male,55.92.242.163
37,Adelaida,Butfield,abutfield10@google.com.br,Female,203.139.190.245
38,Eal,Punter,epunter11@wordpress.org,Male,243.170.69.102
39,Zoe,Custed,zcusted12@wunderground.com,Female,239.47.193.87
40,Bryan,Waddie,bwaddie13@home.pl,Male,224.111.78.1
41,Octavia,Murrthum,omurrthum14@woothemes.com,Female,128.174.136.59
42,Karalee,Liddiatt,kliddiatt15@over-blog.com,Female,128.46.126.65
43,Turner,Gateley,tgateley16@nyu.edu,Genderfluid,172.161.239.24
44,Giorgio,Gamett,ggamett17@nps.gov,Male,105.146.152.251
45,Galven,Crocombe,gcrocombe18@vkontakte.ru,Male,210.26.193.105
46,Andy,Finley,afinley19@mtv.com,Female,107.49.45.88
47,Letizia,Woodhams,lwoodhams1a@yellowbook.com,Female,192.10.45.63
48,Neel,Ramlot,nramlot1b@loc.gov,Male,78.101.121.4
49,Leon,Balcock,lbalcock1c@alibaba.com,Genderfluid,234.36.46.36
50,Portie,Shakesbye,pshakesbye1d@gnu.org,Genderqueer,168.157.154.196
51,Burke,Dunbabin,bdunbabin1e@answers.com,Male,178.108.213.138
52,Domenic,Chubb,dchubb1f@xinhuanet.com,Male,3.123.240.59
53,Dacia,Carswell,dcarswell1g@aboutads.info,Female,92.242.22.175
54,Philippa,Ruegg,pruegg1h@t.co,Female,234.163.104.88
55,Troy,Doore,tdoore1i@biblegateway.com,Male,132.155.80.156
56,Hamlin,Oke,hoke1j@sina.com.cn,Male,224.20.181.150
57,Ashil,McGinly,amcginly1k@seesaa.net,Female,16.3.7.121
58,Marabel,Chiplin,mchiplin1l@tinyurl.com,Agender,48.156.0.98
59,Conny,Mustchin,cmustchin1m@gnu.org,Male,148.96.45.65
60,Edouard,Putman,eputman1n@indiatimes.com,Male,239.87.128.195
61,Aime,Birdsey,abirdsey1o@opera.com,Female,101.225.124.48
62,Leroi,Reddihough,lreddihough1p@mapy.cz,Male,101.174.81.11
63,Valentine,Zotto,vzotto1q@photobucket.com,Male,53.53.87.188
64,Eward,Stetson,estetson1r@google.com.hk,Male,68.103.7.222
65,Simonette,Tyne,styne1s@oracle.com,Female,157.135.222.75
66,Dukey,Brownjohn,dbrownjohn1t@hubpages.com,Male,13.172.168.156
67,Emanuele,Feaks,efeaks1u@myspace.com,Male,147.190.56.2
68,Halimeda,Romaines,hromaines1v@vimeo.com,Female,140.7.86.87
69,Deedee,Follitt,dfollitt1w@mac.com,Female,194.184.39.35
70,Ulberto,Oloshkin,uoloshkin1x@elpais.com,Male,186.233.43.103
71,Ermanno,McClymond,emcclymond1y@cbsnews.com,Male,230.252.216.45
72,Patrizio,Raiment,praiment1z@sohu.com,Male,33.28.133.234
73,Costanza,Bhar,cbhar20@disqus.com,Female,206.191.20.60
74,Constantin,Begley,cbegley21@sciencedaily.com,Male,71.89.195.53
75,Charlena,Turfin,cturfin22@ow.ly,Female,175.17.166.45
76,Jordan,Leavry,jleavry23@bloglovin.com,Male,169.130.70.140
77,Pavla,Jeffcock,pjeffcock24@amazon.de,Genderfluid,1.204.93.14
78,Valaree,Butland,vbutland25@tmall.com,Agender,164.250.29.116
79,Dore,Gosz,dgosz26@list-manage.com,Female,40.221.212.23
80,Darcy,Bullen,dbullen27@time.com,Male,72.171.54.240
81,Bank,Jan,bjan28@bluehost.com,Genderfluid,161.214.19.50
82,Boycie,Haizelden,bhaizelden29@soundcloud.com,Male,141.118.175.174
83,Felicle,Merricks,fmerricks2a@digg.com,Female,210.23.53.137
84,Glynda,Montez,gmontez2b@geocities.jp,Bigender,148.24.19.135
85,Joel,Dat,jdat2c@i2i.jp,Male,156.88.0.191
86,Peter,Parr,pparr2d@engadget.com,Male,205.61.81.227
87,Ashla,Caulkett,acaulkett2e@admin.ch,Female,185.236.179.155
88,Ebony,Rich,erich2f@istockphoto.com,Female,8.179.89.217
89,Ive,Le Count,ilecount2g@globo.com,Male,8.162.107.4
90,Stephanie,Benstead,sbenstead2h@auda.org.au,Female,129.99.192.149
91,Nanni,Mathie,nmathie2i@github.com,Female,207.75.220.199
92,Dorris,Inman,dinman2j@sun.com,Female,226.99.144.53
93,Carlos,Stair,cstair2k@elpais.com,Male,44.210.14.221
94,Doralynne,Lohde,dlohde2l@webs.com,Female,198.121.151.92
95,Lindsey,Buxey,lbuxey2m@youku.com,Female,124.241.63.224
96,Enrico,Papaccio,epapaccio2n@google.com.au,Male,116.59.77.145
97,Samuel,Hannigane,shannigane2o@opera.com,Male,226.245.145.113
98,Ingra,Caizley,icaizley2p@spotify.com,Male,227.76.248.3
99,Bronson,Hanse,bhanse2q@domainmarket.com,Male,166.3.153.139
100,Camilla,Adnet,cadnet2r@4shared.com,Genderqueer,61.106.156.96
101,Joellyn,Follan,jfollan2s@vinaora.com,Female,240.36.248.254
102,Phil,Antonioni,pantonioni2t@guardian.co.uk,Male,71.73.80.32
103,Rose,McGinly,rmcginly2u@creativecommons.org,Female,215.40.55.33
104,Moritz,Wilding,mwilding2v@google.com.br,Male,248.6.157.102
105,Seward,Jzhakov,sjzhakov2w@cbsnews.com,Male,251.2.203.39
106,Killie,Andrzejewski,kandrzejewski2x@tiny.cc,Male,149.138.156.153
107,Jordon,Chandlar,jchandlar2y@alexa.com,Male,236.79.4.92
108,Ingeberg,Czyz,iczyz2z@census.gov,Genderqueer,185.80.159.186
109,Andi,Epton,aepton30@cyberchimps.com,Female,206.127.216.102
110,Layton,Klauer,lklauer31@myspace.com,Male,156.56.219.16
111,Cosette,Ditt,cditt32@privacy.gov.au,Female,230.108.170.222
112,Carleton,Goodanew,cgoodanew33@163.com,Male,121.30.4.45
113,Roberto,Embleton,rembleton34@rakuten.co.jp,Genderfluid,142.40.201.164
114,Audrye,Siemandl,asiemandl35@wordpress.org,Female,158.95.19.136
115,Mozes,Goodale,mgoodale36@qq.com,Male,32.153.131.203
116,Cathi,Deeson,cdeeson37@google.co.jp,Female,77.177.41.124
117,Hilde,Pendle,hpendle38@harvard.edu,Female,165.130.130.90
118,Steffi,Willder,swillder39@nymag.com,Female,107.89.144.65
119,Raine,Hickin,rhickin3a@xing.com,Female,101.82.125.131
120,Madonna,Barclay,mbarclay3b@ycombinator.com,Female,225.178.217.78
121,Rawley,Lightbowne,rlightbowne3c@java.com,Male,99.107.101.174
122,Haven,Ferraraccio,hferraraccio3d@springer.com,Male,174.101.132.213
123,Felix,Kieran,fkieran3e@typepad.com,Male,182.170.79.198
124,Willey,MacFarlane,wmacfarlane3f@delicious.com,Male,156.217.98.114
125,Rockwell,Genery,rgenery3g@wordpress.com,Male,19.15.255.199
126,Charlean,Craighead,ccraighead3h@mozilla.org,Female,192.90.138.141
127,Brena,Vinall,bvinall3i@ucsd.edu,Female,35.57.95.70
128,Rikki,Dabernott,rdabernott3j@yahoo.co.jp,Female,178.81.0.113
129,Charity,Kelshaw,ckelshaw3k@booking.com,Female,11.239.142.162
130,Hewet,Soper,hsoper3l@princeton.edu,Male,98.227.31.104
131,Jeanine,Isakowicz,jisakowicz3m@ca.gov,Female,70.191.15.217
132,Bert,Gilffillan,bgilffillan3n@unicef.org,Female,217.138.164.15
133,Phil,Isworth,pisworth3o@ted.com,Male,75.117.253.111
134,Bondie,Hilling,bhilling3p@de.vu,Male,93.66.92.32
135,Raoul,Denekamp,rdenekamp3q@ycombinator.com,Male,75.104.103.171
136,Erika,Draycott,edraycott3r@mtv.com,Female,99.178.157.0
137,Arni,Meeks,ameeks3s@va.gov,Male,195.55.189.134
138,Arnuad,Culpen,aculpen3t@youku.com,Male,37.73.228.221
139,Anders,McDowall,amcdowall3u@hostgator.com,Male,135.3.43.162
140,Jennine,Patten,jpatten3v@tripod.com,Female,78.8.147.35
141,Dee,Layus,dlayus3w@illinois.edu,Female,8.75.113.92
142,Gipsy,Gulvin,ggulvin3x@webs.com,Female,14.171.66.84
143,Jethro,Hillborne,jhillborne3y@ebay.co.uk,Male,185.177.243.105
144,Rafe,Lissemore,rlissemore3z@deviantart.com,Non-binary,217.115.117.205
145,Tessy,Rake,trake40@webs.com,Female,234.201.27.223
146,Christiano,Bothram,cbothram41@linkedin.com,Male,161.226.143.110
147,Baron,Szachniewicz,bszachniewicz42@virginia.edu,Male,178.57.31.34
148,Lester,Brekonridge,lbrekonridge43@qq.com,Male,56.159.139.90
149,Jessamine,Krauss,jkrauss44@e-recht24.de,Female,62.205.47.241
150,Ave,Moat,amoat45@weebly.com,Male,249.11.242.71
151,Opaline,Setford,osetford46@guardian.co.uk,Female,6.1.29.198
152,Farlee,Delmage,fdelmage47@samsung.com,Male,81.58.207.101
153,Idaline,Jaquiss,ijaquiss48@over-blog.com,Female,183.207.125.34
154,Ogdan,Voden,ovoden49@buzzfeed.com,Male,6.214.225.130
155,Wash,Gilpin,wgilpin4a@imdb.com,Male,221.191.180.33
156,Grover,Gopsill,ggopsill4b@bizjournals.com,Male,60.222.28.187
157,Cass,April,capril4c@mapquest.com,Female,246.205.28.106
158,Ugo,Cavaney,ucavaney4d@census.gov,Bigender,78.59.132.250
159,Marietta,Coultas,mcoultas4e@people.com.cn,Female,220.24.133.107
160,Jennee,Anersen,janersen4f@elpais.com,Female,122.33.136.86
161,Retha,Kippling,rkippling4g@nbcnews.com,Female,177.104.182.223
162,Junette,Bompass,jbompass4h@ehow.com,Female,205.16.217.204
163,Sheffy,Othen,sothen4i@japanpost.jp,Male,186.45.7.215
164,Rowena,McMillian,rmcmillian4j@is.gd,Female,114.212.233.66
165,Duffie,Blagburn,dblagburn4k@intel.com,Male,63.185.7.83
166,Zebulen,Llewelyn,zllewelyn4l@bbc.co.uk,Male,187.218.84.107
167,Jefferey,MacCarter,jmaccarter4m@weebly.com,Male,110.179.95.242
168,Pattin,Petican,ppetican4n@cafepress.com,Male,46.6.143.9
169,Clemence,Allam,callam4o@tiny.cc,Female,253.253.132.53
170,Reidar,Fendt,rfendt4p@opensource.org,Male,167.57.50.74
171,Jolie,Petrak,jpetrak4q@hugedomains.com,Female,234.200.172.151
172,Adeline,Vines,avines4r@umich.edu,Female,176.76.118.43
173,Helen-elizabeth,Pawfoot,hpawfoot4s@google.nl,Female,38.192.241.37
174,Bradford,Messum,bmessum4t@phpbb.com,Male,184.127.126.131
175,Thebault,Risom,trisom4u@trellian.com,Male,18.72.197.41
176,Nathan,Syms,nsyms4v@tumblr.com,Male,100.53.88.250
177,Wilmar,Jephcott,wjephcott4w@census.gov,Male,207.20.179.202
178,Mayne,Passey,mpassey4x@sfgate.com,Male,202.38.158.134
179,Annadiana,Chesterman,achesterman4y@pen.io,Female,58.74.155.45
180,Davita,Vauls,dvauls4z@tinypic.com,Female,81.200.26.49
181,Gregor,Pietranek,gpietranek50@bluehost.com,Male,193.68.75.43
182,Griz,Cowper,gcowper51@ebay.com,Male,78.219.91.217
183,Cordy,Bamell,cbamell52@github.io,Male,86.33.169.226
184,Margit,Badham,mbadham53@mapquest.com,Female,167.215.140.11
185,Helene,Brecken,hbrecken54@businesswire.com,Female,207.8.177.112
186,Natale,Wolfenden,nwolfenden55@uiuc.edu,Male,56.20.26.79
187,Remus,Youles,ryoules56@tamu.edu,Male,217.128.97.9
188,Clarance,Finnis,cfinnis57@loc.gov,Male,146.112.202.145
189,Nerissa,Killbey,nkillbey58@mit.edu,Female,26.254.44.124
190,Nils,Rulton,nrulton59@phoca.cz,Male,222.17.145.34
191,Anatollo,Clougher,aclougher5a@aol.com,Agender,48.192.20.233
192,Orlan,Bloxsom,obloxsom5b@amazon.de,Male,10.252.225.215
193,Laurella,Batchley,lbatchley5c@printfriendly.com,Female,82.51.95.186
194,Steward,Muckart,smuckart5d@simplemachines.org,Non-binary,125.246.50.96
195,Bartholomeus,Mathey,bmathey5e@plala.or.jp,Male,127.172.173.193
196,Darb,Skipper,dskipper5f@indiegogo.com,Female,96.217.56.148
197,Ardenia,de Clercq,adeclercq5g@indiegogo.com,Genderqueer,153.132.152.104
198,Elenore,Potebury,epotebury5h@msn.com,Female,55.25.63.106
199,Delano,Hawkins,dhawkins5i@washington.edu,Male,177.179.67.183
200,Leopold,Cringle,lcringle5j@disqus.com,Male,194.75.237.93
201,Gerrie,Halsho,ghalsho5k@yale.edu,Female,60.13.246.84
202,Daffie,Wavell,dwavell5l@vkontakte.ru,Female,231.47.201.116
203,Corrinne,Barnett,cbarnett5m@123-reg.co.uk,Female,190.231.251.173
204,Timmi,Swettenham,tswettenham5n@fema.gov,Female,22.170.158.37
205,Thain,Masdon,tmasdon5o@weather.com,Male,167.4.44.83
206,Fidelity,Shankster,fshankster5p@japanpost.jp,Female,230.82.148.164
207,Phaedra,Jessen,pjessen5q@jugem.jp,Female,233.166.180.83
208,Bowie,Fisk,bfisk5r@blogspot.com,Male,20.96.208.127
209,Horace,Primo,hprimo5s@fotki.com,Agender,198.137.52.20
210,Hollyanne,Vedyashkin,hvedyashkin5t@cnn.com,Female,52.250.158.187
211,Cyndia,Alebrooke,calebrooke5u@amazonaws.com,Female,163.76.62.80
212,Dietrich,D'Adda,ddadda5v@cyberchimps.com,Male,240.2.40.177
213,Jesse,Mc Queen,jmcqueen5w@marketwatch.com,Genderfluid,142.228.86.118
214,Myrtie,Olwen,molwen5x@over-blog.com,Female,102.189.187.44
215,Giovanni,Serjent,gserjent5y@amazon.com,Male,98.198.241.51
216,Kenna,Matyushkin,kmatyushkin5z@china.com.cn,Female,193.145.3.152
217,Tracey,Djuricic,tdjuricic60@ocn.ne.jp,Male,57.64.126.9
218,Dennis,Filchagin,dfilchagin61@angelfire.com,Genderqueer,236.241.110.200
219,Salome,Titchen,stitchen62@youku.com,Female,145.170.55.170
220,Geoffry,Pimbley,gpimbley63@mtv.com,Male,72.19.187.201
221,Kirk,Goodchild,kgoodchild64@uol.com.br,Male,109.31.45.157
222,Jody,Borrowman,jborrowman65@topsy.com,Male,218.67.90.62
223,Frankie,Bette,fbette66@cloudflare.com,Non-binary,80.177.67.46
224,Helenka,Phalp,hphalp67@aboutads.info,Female,199.249.158.148
225,Joseito,Squirrell,jsquirrell68@g.co,Male,70.146.2.114
226,Risa,Cant,rcant69@intel.com,Female,15.160.72.187
227,Liane,Folds,lfolds6a@princeton.edu,Female,66.149.200.80
228,Durante,Oen,doen6b@newsvine.com,Male,147.185.156.144
229,Saudra,Nottingham,snottingham6c@google.com,Female,10.184.192.159
230,Lorelle,Murrey,lmurrey6d@clickbank.net,Female,189.116.254.14
231,Wit,Bosse,wbosse6e@abc.net.au,Male,244.28.83.239
232,Pru,Fer,pfer6f@scribd.com,Female,90.15.24.235
233,Chris,Olenin,colenin6g@smh.com.au,Male,248.177.86.192
234,Eadie,Woltman,ewoltman6h@phpbb.com,Female,200.67.60.131
235,Thorvald,Falkus,tfalkus6i@delicious.com,Male,140.252.41.1
236,Antonino,Dorrins,adorrins6j@cbslocal.com,Male,28.171.120.17
237,Jelene,Rochford,jrochford6k@shinystat.com,Female,41.1.115.190
238,Darcie,Whitcher,dwhitcher6l@drupal.org,Female,90.222.29.16
239,Germaine,Fazakerley,gfazakerley6m@yahoo.co.jp,Male,184.44.123.94
240,Claresta,Lorimer,clorimer6n@stanford.edu,Agender,12.201.40.152
241,Jimmy,Sheldon,jsheldon6o@blogger.com,Non-binary,227.2.174.105
242,Carmine,Curr,ccurr6p@ucoz.ru,Female,6.72.171.218
243,Eamon,Fabbro,efabbro6q@ox.ac.uk,Male,174.137.42.254
244,Obediah,Bedlington,obedlington6r@nytimes.com,Male,80.247.118.207
245,Moll,Vicioso,mvicioso6s@rambler.ru,Female,225.68.139.215
246,Morton,Fierro,mfierro6t@cbsnews.com,Male,41.31.99.201
247,Abraham,Pergens,apergens6u@mlb.com,Male,202.132.38.92
248,Pandora,Lassen,plassen6v@trellian.com,Female,213.225.124.168
249,Edik,Freathy,efreathy6w@vimeo.com,Male,11.161.203.161
250,Britt,Greensite,bgreensite6x@google.cn,Male,100.125.96.193
251,Katerine,Macak,kmacak6y@youtube.com,Female,246.181.23.11
252,Alvinia,Rolingson,arolingson6z@so-net.ne.jp,Female,72.18.146.204
253,Reinwald,Havoc,rhavoc70@wordpress.org,Male,48.188.194.217
254,Jacintha,Fried,jfried71@sbwire.com,Female,252.240.170.48
255,Prescott,Stanger,pstanger72@bloglovin.com,Male,99.11.169.25
256,Kathi,Stidworthy,kstidworthy73@ovh.net,Female,90.9.227.163
257,Shaine,Bake,sbake74@opensource.org,Male,228.142.255.70
258,Hope,Dullingham,hdullingham75@purevolume.com,Female,238.209.84.71
259,Joshia,Ashwell,jashwell76@yolasite.com,Male,222.11.121.67
260,Paula,Lunny,plunny77@bing.com,Female,175.215.223.74
261,Tannie,Sturton,tsturton78@wufoo.com,Male,180.227.189.249
262,Darby,McCarron,dmccarron79@wunderground.com,Male,89.86.124.177
263,Tildi,Duncanson,tduncanson7a@boston.com,Female,244.123.22.165
264,Odessa,Howis,ohowis7b@ucoz.ru,Female,105.222.74.221
265,Vanya,Clyma,vclyma7c@lulu.com,Male,224.24.156.70
266,Wilt,Greening,wgreening7d@usda.gov,Male,219.18.150.2
267,Reece,Stuckley,rstuckley7e@cafepress.com,Male,102.147.121.141
268,Odelinda,Kyndred,okyndred7f@nymag.com,Female,209.189.238.195
269,Abigale,Mioni,amioni7g@smugmug.com,Female,221.103.109.46
270,Leicester,Frazier,lfrazier7h@prlog.org,Male,210.15.86.106
271,Kipper,Cockcroft,kcockcroft7i@addtoany.com,Male,24.230.121.157
272,Mischa,Dugald,mdugald7j@ameblo.jp,Male,129.80.3.168
273,Christean,McCurrie,cmccurrie7k@fotki.com,Female,84.4.102.118
274,Belva,Ende,bende7l@nydailynews.com,Female,242.234.74.175
275,Banky,Lillegard,blillegard7m@smugmug.com,Male,95.72.207.14
276,Kessiah,Liven,kliven7n@creativecommons.org,Female,212.231.157.84
277,Ali,Jedrachowicz,ajedrachowicz7o@delicious.com,Male,46.21.111.18
278,Vannie,Fundell,vfundell7p@discuz.net,Female,104.26.117.35
279,Iosep,Murrum,imurrum7q@netlog.com,Male,145.93.204.87
280,Shelton,Hastie,shastie7r@bloomberg.com,Male,253.16.91.150
281,Lizzy,Konert,lkonert7s@kickstarter.com,Female,232.116.156.237
282,Etta,Streight,estreight7t@msn.com,Female,108.174.7.195
283,Henrieta,Swindells,hswindells7u@hibu.com,Female,245.232.134.84
284,Grannie,Van Dalen,gvandalen7v@tmall.com,Male,140.129.218.98
285,Jermain,Ronan,jronan7w@hatena.ne.jp,Male,112.240.73.12
286,Lizzie,Lange,llange7x@51.la,Female,114.172.223.59
287,Lauri,Reinisch,lreinisch7y@mysql.com,Female,224.158.200.187
288,Brana,McKeown,bmckeown7z@w3.org,Female,177.175.38.224
289,Dorey,Broader,dbroader80@barnesandnoble.com,Female,40.50.64.136
290,Alonso,Wehner,awehner81@delicious.com,Male,86.104.96.12
291,Phillida,Lettley,plettley82@goo.gl,Female,14.129.83.31
292,Lynea,Maris,lmaris83@opera.com,Female,79.44.80.112
293,Hymie,Metts,hmetts84@nyu.edu,Male,244.204.176.155
294,Townsend,Ledford,tledford85@biglobe.ne.jp,Male,34.193.150.116
295,Brinna,Tondeur,btondeur86@latimes.com,Female,52.221.187.140
296,Ferris,Wallicker,fwallicker87@bing.com,Male,217.43.4.197
297,Andrey,Towl,atowl88@tinypic.com,Agender,170.79.110.249
298,Cathie,Jarry,cjarry89@tmall.com,Female,45.7.42.225
299,Tammie,Kevis,tkevis8a@globo.com,Agender,255.123.95.242
300,Winni,Eberts,weberts8b@slideshare.net,Female,177.172.181.69
301,Ashley,MacQuist,amacquist8c@dmoz.org,Female,208.193.199.206
302,Swen,Treen,streen8d@blogspot.com,Male,9.128.22.202
303,Appolonia,Blanchette,ablanchette8e@yandex.ru,Bigender,11.211.225.234
304,Eleni,Pohls,epohls8f@over-blog.com,Female,50.79.18.10
305,Natala,Skune,nskune8g@nydailynews.com,Female,86.158.143.143
306,Jeanine,Arnefield,jarnefield8h@unblog.fr,Female,109.211.193.224
307,Ulrich,Zeale,uzeale8i@redcross.org,Male,74.240.231.92
308,Somerset,Carvil,scarvil8j@sohu.com,Male,227.145.26.14
309,Godwin,Falconer,gfalconer8k@amazon.de,Male,53.129.65.209
310,Mile,Ewbach,mewbach8l@wikia.com,Male,167.240.135.108
311,Nealy,Sever,nsever8m@businessinsider.com,Male,47.23.131.144
312,Cynthea,Gainsborough,cgainsborough8n@sohu.com,Female,203.225.125.112
313,Hersch,Kornyakov,hkornyakov8o@dion.ne.jp,Male,232.242.92.20
314,Rosabel,Roger,rroger8p@cnbc.com,Female,200.255.161.55
315,Dennis,Ravens,dravens8q@slate.com,Male,146.65.217.74
316,Isaac,Duke,iduke8r@naver.com,Male,136.73.221.49
317,Chiquita,McAllan,cmcallan8s@lycos.com,Female,42.249.144.199
318,Tatiania,Tennock,ttennock8t@dailymail.co.uk,Female,128.46.104.102
319,Delora,Bagguley,dbagguley8u@usa.gov,Female,225.168.218.213
320,Wallace,Toombs,wtoombs8v@amazon.co.uk,Male,166.156.143.127
321,Colleen,Leadston,cleadston8w@etsy.com,Female,0.66.217.170
322,Traver,Mailes,tmailes8x@cdc.gov,Male,184.29.69.142
323,Morlee,Rankine,mrankine8y@gnu.org,Male,195.89.182.22
324,Courtnay,Abbiss,cabbiss8z@senate.gov,Female,58.152.157.192
325,Merrie,Hollingsbee,mhollingsbee90@indiegogo.com,Female,132.93.165.200
326,Kristopher,Warcop,kwarcop91@nhs.uk,Male,247.112.184.203
327,Reinald,Brundill,rbrundill92@pbs.org,Male,190.194.187.240
328,Brendin,Davidsohn,bdavidsohn93@webs.com,Male,18.94.134.88
329,Keir,Trewhella,ktrewhella94@squarespace.com,Agender,202.17.11.146
330,Alta,Galea,agalea95@epa.gov,Female,109.213.131.64
331,Ronna,Metschke,rmetschke96@ezinearticles.com,Female,231.98.191.180
332,Leanna,Alelsandrowicz,lalelsandrowicz97@boston.com,Female,110.189.125.134
333,Janela,Imesson,jimesson98@bandcamp.com,Female,38.14.151.145
334,Dilan,Alenikov,dalenikov99@craigslist.org,Male,153.187.246.15
335,Farlee,Kearey,fkearey9a@alexa.com,Male,108.49.70.216
336,Reg,Lawlan,rlawlan9b@shinystat.com,Male,7.124.31.22
337,Pearce,Gerrad,pgerrad9c@privacy.gov.au,Male,14.30.60.45
338,Mendy,Fairhurst,mfairhurst9d@cisco.com,Male,78.248.16.4
339,Dulcinea,McSperron,dmcsperron9e@google.it,Female,169.126.2.59
340,Rafael,Strickland,rstrickland9f@imageshack.us,Male,62.32.101.66
341,Hyatt,Bartod,hbartod9g@hud.gov,Male,219.233.112.205
342,Porty,Gabbatt,pgabbatt9h@theguardian.com,Male,226.216.227.118
343,Dulsea,Bartozzi,dbartozzi9i@sina.com.cn,Non-binary,122.54.214.146
344,Nicko,Romagnosi,nromagnosi9j@nih.gov,Male,236.53.141.181
345,Lonnard,Zywicki,lzywicki9k@google.fr,Genderqueer,234.63.226.220
346,Kenny,Bernardin,kbernardin9l@freewebs.com,Male,252.18.117.241
347,Charlotte,Puttock,cputtock9m@linkedin.com,Female,115.6.91.217
348,Nicolis,Douse,ndouse9n@joomla.org,Bigender,138.126.150.43
349,Miguelita,Buglass,mbuglass9o@ed.gov,Female,115.32.58.251
350,Morie,Greave,mgreave9p@mashable.com,Male,53.28.9.244
351,Bat,Sawood,bsawood9q@businesswire.com,Male,60.142.107.224
352,Stephan,Pendre,spendre9r@about.me,Male,212.26.130.48
353,Gordie,Stuther,gstuther9s@reuters.com,Male,246.166.137.44
354,Sherwynd,Nares,snares9t@dailymail.co.uk,Non-binary,2.88.4.232
355,Alvina,Furmston,afurmston9u@yellowbook.com,Female,83.127.25.102
356,Patrice,Brownlea,pbrownlea9v@ft.com,Female,103.196.197.197
357,Sidoney,Wilks,swilks9w@salon.com,Female,182.225.204.90
358,Brennen,Cours,bcours9x@hao123.com,Polygender,55.180.119.117
359,Pete,Buist,pbuist9y@dmoz.org,Bigender,13.165.123.158
360,Kory,Pavkovic,kpavkovic9z@gravatar.com,Male,134.68.105.154
361,Laurene,Ohlsen,lohlsena0@cornell.edu,Female,18.13.179.86
362,Haley,Strickett,hstricketta1@nhs.uk,Male,110.103.128.105
363,Shaylynn,Birkmyre,sbirkmyrea2@chicagotribune.com,Female,91.82.189.210
364,Pooh,Lindeman,plindemana3@cnet.com,Female,10.179.141.178
365,Mitch,Luckey,mluckeya4@biglobe.ne.jp,Male,213.236.87.180
366,Kilian,Canas,kcanasa5@marketwatch.com,Male,175.147.3.147
367,Gabriel,Roadknight,groadknighta6@artisteer.com,Female,13.57.74.179
368,Davie,Baston,dbastona7@craigslist.org,Male,236.105.74.193
369,Vinnie,Koppen,vkoppena8@who.int,Male,38.192.219.211
370,Ailene,Ivashkov,aivashkova9@businessinsider.com,Female,15.217.15.110
371,Francis,Annes,fannesaa@go.com,Male,2.144.69.133
372,Ilsa,Kighly,ikighlyab@apple.com,Agender,134.128.248.220
373,Joannes,Clowley,jclowleyac@wordpress.org,Female,213.60.209.143
374,Dolf,Arrault,darraultad@wikia.com,Non-binary,34.88.220.50
375,Correy,Houltham,choulthamae@reference.com,Female,156.129.106.4
376,Bondie,Thickin,bthickinaf@pcworld.com,Male,89.154.79.240
377,Eugenio,Cregeen,ecregeenag@squidoo.com,Genderqueer,77.151.242.230
378,Granny,Whiston,gwhistonah@yelp.com,Male,246.113.198.29
379,Muriel,Dedrick,mdedrickai@nydailynews.com,Female,113.93.64.111
380,Cass,Ruffell,cruffellaj@archive.org,Female,117.123.72.253
381,Annamarie,Scotcher,ascotcherak@creativecommons.org,Female,38.42.39.245
382,Abey,Meiklem,ameiklemal@simplemachines.org,Male,253.163.25.68
383,Arlyne,Brafield,abrafieldam@prweb.com,Female,174.194.11.148
384,Justis,Riseborough,jriseboroughan@ucoz.com,Male,188.13.98.57
385,Barty,Mandeville,bmandevilleao@webeden.co.uk,Male,73.203.219.86
386,Avery,Lamball,alamballap@yale.edu,Male,107.180.172.68
387,Mano,Vedstra,mvedstraaq@answers.com,Male,212.3.45.143
388,Star,Mac,smacar@dot.gov,Female,198.77.129.184
389,Franzen,Larmor,flarmoras@addthis.com,Male,70.114.182.252
390,Jasmina,Gilmore,jgilmoreat@behance.net,Female,231.10.126.138
391,Nikoletta,Larraway,nlarrawayau@xing.com,Female,164.92.94.36
392,Keenan,Baiss,kbaissav@umn.edu,Male,185.184.245.39
393,Giulietta,Phalip,gphalipaw@gravatar.com,Female,30.7.50.215
394,Heath,Coldman,hcoldmanax@redcross.org,Female,157.161.237.113
395,Aharon,Stile,astileay@moonfruit.com,Male,27.146.171.220
396,Kay,Brace,kbraceaz@sbwire.com,Female,94.195.93.187
397,Minor,Romei,mromeib0@army.mil,Male,133.209.170.43
398,Kaspar,Stripp,kstrippb1@deviantart.com,Male,255.159.207.71
399,Turner,Brikner,tbriknerb2@comsenz.com,Agender,139.124.140.92
400,Yule,Andries,yandriesb3@reverbnation.com,Male,86.140.244.171
401,Towney,Fawthorpe,tfawthorpeb4@marketwatch.com,Male,94.250.107.15
402,Marwin,Clissold,mclissoldb5@biblegateway.com,Male,120.219.166.229
403,Lenci,Aldridge,laldridgeb6@github.io,Male,182.239.228.127
404,Randal,Bog,rbogb7@123-reg.co.uk,Male,9.220.227.12
405,Mercy,Brewse,mbrewseb8@disqus.com,Female,170.144.52.240
406,Kenon,Banks,kbanksb9@addthis.com,Male,192.2.198.174
407,Papageno,Parkeson,pparkesonba@csmonitor.com,Male,165.57.229.98
408,Derick,Towle,dtowlebb@soup.io,Male,82.40.108.120
409,Abraham,Geke,agekebc@meetup.com,Male,39.88.166.200
410,Gayle,Mattecot,gmattecotbd@woothemes.com,Genderqueer,139.195.211.91
411,Claudetta,Ebbetts,cebbettsbe@cyberchimps.com,Female,132.132.81.223
412,Kaila,Haitlie,khaitliebf@netlog.com,Female,135.118.191.148
413,Darcie,Rosiello,drosiellobg@blogs.com,Polygender,151.137.54.92
414,Thalia,Duffrie,tduffriebh@tripod.com,Female,154.233.206.191
415,Marabel,Vawton,mvawtonbi@google.com,Polygender,224.86.90.143
416,Stinky,MacCrackan,smaccrackanbj@creativecommons.org,Male,98.87.65.75
417,Rice,Deport,rdeportbk@fotki.com,Male,143.100.33.38
418,Merci,Cordelette,mcordelettebl@thetimes.co.uk,Female,75.142.227.208
419,Krystyna,Jankovic,kjankovicbm@buzzfeed.com,Female,239.77.60.218
420,Morey,Kroon,mkroonbn@dropbox.com,Male,223.243.138.86
421,Hayward,Woollcott,hwoollcottbo@vimeo.com,Male,205.213.236.58
422,Yasmin,Coleridge,ycoleridgebp@nydailynews.com,Female,129.245.89.66
423,Rosy,Balstone,rbalstonebq@google.com.br,Genderfluid,182.47.232.148
424,Kent,Arnholtz,karnholtzbr@google.it,Male,217.43.144.111
425,Cassandry,Fleote,cfleotebs@cam.ac.uk,Female,24.111.129.248
426,Gypsy,Kinane,gkinanebt@youtu.be,Female,231.104.55.120
427,Alastair,Carrabott,acarrabottbu@newsvine.com,Male,63.90.191.246
428,Kim,Waugh,kwaughbv@google.it,Female,121.214.118.231
429,Sibel,Stowe,sstowebw@ox.ac.uk,Female,194.45.253.96
430,Emmie,Barnaclough,ebarnacloughbx@omniture.com,Female,103.178.3.18
431,Taber,Barnardo,tbarnardoby@nationalgeographic.com,Male,119.204.218.181
432,Abram,Jordan,ajordanbz@gizmodo.com,Male,52.225.247.137
433,Dosi,Siebert,dsiebertc0@independent.co.uk,Female,93.134.241.114
434,Lowrance,Ganny,lgannyc1@desdev.cn,Male,239.210.71.13
435,Charla,Woodcroft,cwoodcroftc2@wordpress.org,Female,148.251.229.3
436,Lane,Illiston,lillistonc3@etsy.com,Female,141.135.209.130
437,Gerrard,Davidov,gdavidovc4@topsy.com,Male,85.129.105.252
438,Keene,Finey,kfineyc5@networksolutions.com,Male,132.62.41.50
439,Griffy,Dalrymple,gdalrymplec6@twitpic.com,Male,20.247.254.132
440,Mimi,Daveren,mdaverenc7@microsoft.com,Female,2.189.215.67
441,Catlee,Dollin,cdollinc8@umn.edu,Bigender,27.88.136.149
442,Marylynne,Wooffinden,mwooffindenc9@simplemachines.org,Female,245.106.253.81
443,Randolph,Yanez,ryanezca@abc.net.au,Male,90.141.81.226
444,Frazer,De Blase,fdeblasecb@utexas.edu,Male,29.200.237.19
445,Sallee,Galbraeth,sgalbraethcc@hubpages.com,Female,247.60.250.25
446,Rania,Nevill,rnevillcd@youku.com,Genderfluid,234.255.58.179
447,Brendan,Houlton,bhoultonce@cnet.com,Male,16.90.133.180
448,Sergei,Bellard,sbellardcf@webmd.com,Male,106.81.182.80
449,Hyman,Westraw,hwestrawcg@dailymotion.com,Male,114.123.3.32
450,Teriann,Weatherup,tweatherupch@marriott.com,Female,10.8.129.222
451,Ryun,Wanklin,rwanklinci@china.com.cn,Agender,203.245.214.177
452,Ivette,Antecki,ianteckicj@shop-pro.jp,Female,17.129.174.239
453,Alain,Eltringham,aeltringhamck@blogs.com,Male,34.12.42.144
454,Orelle,Parratt,oparrattcl@people.com.cn,Female,163.193.73.32
455,Mart,Hekkert,mhekkertcm@timesonline.co.uk,Male,54.194.100.63
456,Beatrix,Barca,bbarcacn@stanford.edu,Female,39.149.158.169
457,Auberon,Solano,asolanoco@latimes.com,Polygender,33.127.152.46
458,Morly,Schiementz,mschiementzcp@nba.com,Male,17.139.70.205
459,Pincas,Buterton,pbutertoncq@youtu.be,Male,157.51.47.26
460,Darby,Greve,dgrevecr@census.gov,Female,20.212.122.152
461,Kennan,Garnson,kgarnsoncs@studiopress.com,Male,173.253.166.39
462,Sharia,Goddard,sgoddardct@bandcamp.com,Female,182.168.243.171
463,Pauli,Boig,pboigcu@hao123.com,Female,245.45.169.58
464,Aryn,Count,acountcv@unc.edu,Female,60.17.103.123
465,Angelika,Tabbernor,atabbernorcw@slideshare.net,Female,29.152.145.103
466,Jessika,Andrew,jandrewcx@bing.com,Agender,92.174.195.112
467,Syd,Ravenhill,sravenhillcy@taobao.com,Male,57.22.129.116
468,Mordy,Vasyagin,mvasyagincz@ted.com,Male,87.108.238.204
469,Vale,Wellbelove,vwellbeloved0@quantcast.com,Male,159.137.214.55
470,Grantley,Ridgedell,gridgedelld1@ifeng.com,Male,147.249.19.151
471,Erinna,Kroll,ekrolld2@xing.com,Genderfluid,38.225.97.203
472,Tansy,Joney,tjoneyd3@msn.com,Female,45.11.17.97
473,Joella,Gane,jganed4@furl.net,Female,189.86.101.230
474,Cicely,Goseling,cgoselingd5@japanpost.jp,Female,195.169.174.95
475,Nanon,Overill,noverilld6@flickr.com,Genderfluid,160.113.231.205
476,Ellen,Fellgett,efellgettd7@comsenz.com,Female,78.254.94.189
477,Ron,Breed,rbreedd8@nationalgeographic.com,Male,247.57.100.223
478,Janey,Hrinchishin,jhrinchishind9@mysql.com,Female,216.54.126.131
479,Kamila,Franciskiewicz,kfranciskiewiczda@issuu.com,Female,168.188.71.234
480,Bronson,Kilbourne,bkilbournedb@mac.com,Polygender,235.39.156.249
481,Fanchon,Maymand,fmaymanddc@reddit.com,Female,171.144.54.216
482,Darill,Kubiczek,dkubiczekdd@nature.com,Male,225.162.175.112
483,Theresa,Tow,ttowde@dion.ne.jp,Female,223.56.129.17
484,Duff,Whyatt,dwhyattdf@meetup.com,Male,29.95.240.254
485,Josefa,Keilloh,jkeillohdg@blinklist.com,Bigender,194.86.58.150
486,Sande,Ben-Aharon,sbenaharondh@nyu.edu,Female,86.92.246.0
487,Rhiamon,Brisco,rbriscodi@1688.com,Female,60.167.154.185
488,Greg,Colebrook,gcolebrookdj@eepurl.com,Male,248.171.194.220
489,Meredith,Ledwith,mledwithdk@yahoo.co.jp,Male,103.185.210.184
490,Moria,Kuhnke,mkuhnkedl@businesswire.com,Female,241.81.117.56
491,Nita,McGinnis,nmcginnisdm@4shared.com,Female,71.185.116.34
492,Krista,Losselyong,klosselyongdn@mayoclinic.com,Female,157.97.251.95
493,Giovanni,Leadstone,gleadstonedo@twitter.com,Male,174.43.163.181
494,Selena,Daulton,sdaultondp@dagondesign.com,Female,209.251.48.54
495,Alis,Bidewell,abidewelldq@livejournal.com,Female,190.198.243.169
496,Rod,Gheerhaert,rgheerhaertdr@homestead.com,Male,44.5.179.171
497,Pavia,Challicombe,pchallicombeds@mapquest.com,Bigender,179.173.146.172
498,Shalna,Shoveller,sshovellerdt@edublogs.org,Female,123.166.66.126
499,Christie,Tunnah,ctunnahdu@nature.com,Female,27.240.187.136
500,Celinka,Lednor,clednordv@ucsd.edu,Female,19.238.142.203
501,Arv,Maasz,amaaszdw@unicef.org,Male,1.88.165.176
502,Gallard,Lancastle,glancastledx@spotify.com,Genderqueer,3.60.176.13
503,Rolland,Vick,rvickdy@yandex.ru,Male,8.38.209.92
504,Myriam,Lear,mleardz@webnode.com,Non-binary,104.28.130.147
505,Winslow,Tills,wtillse0@goo.ne.jp,Male,145.113.109.130
506,Jojo,Grundell,jgrundelle1@issuu.com,Female,17.158.85.57
507,Chelsy,Germain,cgermaine2@imgur.com,Female,57.108.198.60
508,Pierrette,Gilardi,pgilardie3@marriott.com,Female,106.233.86.153
509,Moses,Abrahamson,mabrahamsone4@parallels.com,Genderqueer,84.136.100.221
510,Alexandra,Manilove,amanilovee5@gizmodo.com,Female,241.45.195.13
511,Jamaal,Scantlebury,jscantleburye6@cbslocal.com,Male,194.100.45.103
512,Ezekiel,Aristide,earistidee7@ocn.ne.jp,Male,232.109.177.113
513,Bertie,Tilliard,btilliarde8@reverbnation.com,Male,39.36.74.17
514,Nappy,Aishford,naishforde9@alibaba.com,Male,47.108.114.152
515,Natasha,Caughan,ncaughanea@arizona.edu,Female,90.86.142.34
516,Cordy,Kuhlmey,ckuhlmeyeb@wp.com,Male,167.2.151.210
517,Adolf,Jewes,ajewesec@jugem.jp,Male,14.67.154.196
518,Alicea,Gethin,agethined@intel.com,Female,118.247.8.1
519,Brok,Lamas,blamasee@jugem.jp,Male,32.134.130.13
520,Benjamen,Meredith,bmeredithef@cyberchimps.com,Agender,104.93.251.117
521,Neddy,Sparham,nsparhameg@epa.gov,Male,222.217.176.58
522,Dorey,Ainsworth,dainswortheh@quantcast.com,Male,244.125.232.191
523,Pavia,Billing,pbillingei@vimeo.com,Female,99.31.171.199
524,Ham,Demke,hdemkeej@hibu.com,Male,183.183.7.58
525,Roshelle,Catcheside,rcatchesideek@psu.edu,Female,203.51.127.14
526,D'arcy,Gullan,dgullanel@fastcompany.com,Male,216.153.89.216
527,Rae,Halden,rhaldenem@unblog.fr,Female,32.161.201.247
528,Jaymie,Schwander,jschwanderen@wikispaces.com,Male,251.174.236.117
529,Matilde,Beeston,mbeestoneo@abc.net.au,Female,122.86.118.125
530,Gabie,Broseke,gbrosekeep@dailymail.co.uk,Non-binary,89.130.200.7
531,Crosby,Anlay,canlayeq@kickstarter.com,Male,91.136.10.153
532,Rozanna,Figgures,rfiggureser@toplist.cz,Female,9.249.144.232
533,Felicio,Poltone,fpoltonees@cpanel.net,Male,224.23.172.23
534,Cleavland,Bernier,cbernieret@uol.com.br,Male,30.167.146.67
535,Kristel,Pendred,kpendredeu@jimdo.com,Female,9.9.184.137
536,Bethena,Buff,bbuffev@tuttocitta.it,Female,164.144.234.155
537,Kayley,Balcock,kbalcockew@geocities.com,Female,185.43.187.69
538,Claudio,Gilhool,cgilhoolex@prnewswire.com,Male,64.85.253.78
539,Addie,Devenish,adevenishey@google.nl,Female,25.16.91.167
540,Benjamin,Savoury,bsavouryez@usnews.com,Male,19.21.170.135
541,Berkeley,Cuming,bcumingf0@nsw.gov.au,Bigender,183.16.147.59
542,Luci,Harbinson,lharbinsonf1@t-online.de,Female,188.87.9.67
543,Keene,Tumielli,ktumiellif2@accuweather.com,Male,55.172.16.1
544,Sumner,Ponceford,sponcefordf3@rakuten.co.jp,Male,44.83.63.176
545,Reed,Thinn,rthinnf4@skyrock.com,Male,6.180.182.16
546,Kylie,Sutter,ksutterf5@yolasite.com,Genderqueer,190.37.2.31
547,Candice,Greening,cgreeningf6@gmpg.org,Female,22.188.45.164
548,Myca,Domanek,mdomanekf7@theatlantic.com,Male,2.112.73.2
549,Ileana,Helder,ihelderf8@xinhuanet.com,Female,198.214.197.176
550,Ewell,Townes,etownesf9@google.nl,Male,208.130.250.131
551,Bennie,Clunie,bcluniefa@whitehouse.gov,Male,107.15.167.106
552,Chariot,Brislane,cbrislanefb@posterous.com,Male,173.5.173.130
553,Brnaba,Chisman,bchismanfc@dagondesign.com,Male,108.48.205.130
554,Gabriel,Walbridge,gwalbridgefd@addtoany.com,Female,111.120.196.136
555,Zabrina,Rawsthorne,zrawsthornefe@quantcast.com,Polygender,40.230.239.225
556,Denna,Wark,dwarkff@tumblr.com,Female,211.50.174.142
557,Neille,Alderson,naldersonfg@merriam-webster.com,Bigender,135.196.67.144
558,Adorne,Kovelmann,akovelmannfh@naver.com,Female,147.249.142.115
559,Nike,Nutbeem,nnutbeemfi@slashdot.org,Genderfluid,215.218.33.200
560,Joceline,Hasloch,jhaslochfj@who.int,Female,156.26.57.28
561,Lois,Dutnall,ldutnallfk@wikimedia.org,Female,45.6.82.146
562,Derk,Lambrecht,dlambrechtfl@weibo.com,Male,159.96.248.207
563,Herb,Orrice,horricefm@google.fr,Male,157.9.102.75
564,Gayler,Valler,gvallerfn@patch.com,Polygender,146.33.83.18
565,Hube,Yitshak,hyitshakfo@php.net,Male,162.57.71.179
566,Frasquito,McEvon,fmcevonfp@dyndns.org,Male,204.227.209.116
567,Parnell,Scroyton,pscroytonfq@unc.edu,Male,59.135.113.7
568,Kiele,Heinle,kheinlefr@fda.gov,Female,253.244.106.80
569,Gwenette,Lawless,glawlessfs@nydailynews.com,Genderfluid,12.148.76.111
570,Inna,Camosso,icamossoft@zimbio.com,Female,99.117.66.64
571,Camila,MacLise,cmaclisefu@blogger.com,Female,21.87.56.3
572,Gabriella,Pohl,gpohlfv@networksolutions.com,Female,17.146.191.50
573,Dacia,Steart,dsteartfw@slate.com,Female,96.118.102.100
574,Salvador,Butteris,sbutterisfx@symantec.com,Male,162.76.56.156
575,Alfonse,Beckles,abecklesfy@engadget.com,Male,151.87.208.201
576,Ruttger,Walls,rwallsfz@google.co.uk,Male,116.218.207.1
577,Russ,Hartington,rhartingtong0@mayoclinic.com,Male,127.233.251.183
578,Sara-ann,Limeburn,slimeburng1@nhs.uk,Female,203.124.35.197
579,Valentia,Whines,vwhinesg2@squarespace.com,Female,71.36.206.216
580,Thaxter,Eake,teakeg3@unesco.org,Male,253.42.5.132
581,Debera,Dando,ddandog4@nih.gov,Female,161.214.154.43
582,Chiquia,Allgood,callgoodg5@twitter.com,Female,2.144.90.211
583,Radcliffe,Usmar,rusmarg6@stumbleupon.com,Male,213.175.233.135
584,Gabriel,Gatecliff,ggatecliffg7@ucsd.edu,Male,54.255.11.174
585,Staford,McVane,smcvaneg8@yahoo.co.jp,Male,58.137.121.199
586,Thorndike,McPhelim,tmcphelimg9@nasa.gov,Male,99.52.1.48
587,Harriet,Shortan,hshortanga@purevolume.com,Female,162.71.186.42
588,Desirae,Fallow,dfallowgb@nature.com,Female,131.180.223.129
589,Jacob,Trunby,jtrunbygc@chronoengine.com,Male,203.169.165.81
590,Butch,Wandrich,bwandrichgd@bloglines.com,Non-binary,72.240.115.141
591,Page,De Coursey,pdecourseyge@posterous.com,Male,223.196.133.34
592,Beaufort,Grassett,bgrassettgf@ucla.edu,Male,177.205.211.110
593,Dulcie,O'Moylan,domoylangg@usatoday.com,Female,161.27.249.46
594,Leonidas,Reder,lredergh@wufoo.com,Male,28.87.172.57
595,Casandra,Chicotti,cchicottigi@skyrock.com,Female,161.217.240.209
596,Willette,Lehrmann,wlehrmanngj@businessweek.com,Female,245.197.165.18
597,Tamma,Henighan,thenighangk@photobucket.com,Female,198.255.225.120
598,Carie,Eisikowitch,ceisikowitchgl@twitter.com,Bigender,199.90.97.210
599,Esma,Gonzalvo,egonzalvogm@cbsnews.com,Female,236.86.235.136
600,Ave,Coppock.,acoppockgn@google.ru,Male,138.207.96.66
601,Wilmette,Archbutt,warchbuttgo@cnn.com,Agender,198.33.196.249
602,Shayne,Rhymes,srhymesgp@oaic.gov.au,Male,227.82.154.101
603,Brucie,Bigrigg,bbigrigggq@shinystat.com,Male,160.25.159.46
604,Emera,Bolens,ebolensgr@wikispaces.com,Female,32.211.169.147
605,Raddy,Fairs,rfairsgs@delicious.com,Male,207.188.215.9
606,Gwenora,Lukacs,glukacsgt@sohu.com,Female,202.198.89.78
607,Keri,Sisey,ksiseygu@scribd.com,Female,147.103.97.163
608,Web,Pickervance,wpickervancegv@squarespace.com,Male,18.45.161.107
609,Napoleon,Caddy,ncaddygw@slideshare.net,Male,222.36.181.108
610,Robinia,Hew,rhewgx@1und1.de,Female,158.40.237.102
611,Edin,Gooding,egoodinggy@bigcartel.com,Female,52.65.10.192
612,Georas,Enrigo,genrigogz@slideshare.net,Male,251.12.112.10
613,Morena,Riddoch,mriddochh0@fda.gov,Female,183.24.205.113
614,Arluene,Raynton,arayntonh1@prweb.com,Female,157.199.39.216
615,Etty,Akrigg,eakriggh2@auda.org.au,Female,227.15.213.72
616,Woodrow,Venediktov,wvenediktovh3@hhs.gov,Male,133.21.99.11
617,Tabbitha,McAuley,tmcauleyh4@ftc.gov,Female,52.101.153.236
618,Kirk,Matyja,kmatyjah5@unblog.fr,Male,41.109.213.161
619,Elvera,Dulson,edulsonh6@vistaprint.com,Female,159.141.107.179
620,Cooper,Winckle,cwinckleh7@wisc.edu,Male,207.203.185.107
621,Natasha,McManus,nmcmanush8@ow.ly,Female,228.142.185.4
622,Ezri,Romanelli,eromanellih9@paginegialle.it,Male,170.193.216.142
623,David,Passe,dpasseha@umich.edu,Male,49.104.82.103
624,Harland,Tunder,htunderhb@desdev.cn,Male,107.241.24.2
625,Jobie,Feak,jfeakhc@boston.com,Female,31.237.192.90
626,Yoshi,Lawley,ylawleyhd@themeforest.net,Female,112.228.210.61
627,Lani,Gauford,lgaufordhe@wiley.com,Female,217.39.203.133
628,Whitby,Frowde,wfrowdehf@simplemachines.org,Male,151.110.154.33
629,Brodie,Lambart,blambarthg@desdev.cn,Male,238.148.63.132
630,Cosme,Colwell,ccolwellhh@dagondesign.com,Male,109.38.151.251
631,Pedro,Spincks,pspinckshi@amazon.co.jp,Male,97.251.190.193
632,Clevie,Berens,cberenshj@posterous.com,Male,139.147.134.206
633,Layton,Kemer,lkemerhk@amazon.co.jp,Male,241.253.15.225
634,Nevin,Sone,nsonehl@squidoo.com,Male,151.96.166.206
635,Wait,Bozier,wbozierhm@nature.com,Polygender,38.155.158.34
636,Therese,Polglaze,tpolglazehn@craigslist.org,Female,198.153.250.101
637,Fraze,Uden,fudenho@tumblr.com,Male,125.206.155.183
638,Cleveland,Handscomb,chandscombhp@examiner.com,Male,163.92.240.122
639,Winna,Withinshaw,wwithinshawhq@free.fr,Female,83.253.206.233
640,Shaina,Daveley,sdaveleyhr@npr.org,Female,219.175.164.243
641,Egan,Owen,eowenhs@hud.gov,Male,147.151.14.109
642,Wit,Attwater,wattwaterht@lulu.com,Male,2.137.161.92
643,Edgard,Ayllett,eaylletthu@ning.com,Male,177.225.38.122
644,Molli,Ogan,moganhv@npr.org,Female,219.46.88.4
645,Gussi,Seward,gsewardhw@unblog.fr,Female,222.111.6.188
646,Penn,Skentelbery,pskentelberyhx@smh.com.au,Male,174.27.228.132
647,Anett,Wilbud,awilbudhy@e-recht24.de,Female,169.183.119.61
648,Evie,Sothcott,esothcotthz@unc.edu,Female,86.158.92.66
649,Ella,Lock,elocki0@meetup.com,Female,2.14.87.64
650,Albertine,Razoux,arazouxi1@hc360.com,Female,44.16.123.139
651,Earlie,Blankman,eblankmani2@blog.com,Non-binary,132.55.120.147
652,Wildon,Napolione,wnapolionei3@is.gd,Male,104.203.180.11
653,Cleveland,Cundict,ccundicti4@mlb.com,Male,105.79.233.233
654,Emyle,Hinzer,ehinzeri5@miibeian.gov.cn,Female,87.175.216.11
655,Bennie,Bucklee,bbuckleei6@earthlink.net,Male,39.251.26.248
656,Donaugh,Robak,drobaki7@admin.ch,Genderqueer,181.230.195.99
657,Marie-jeanne,Gonnard,mgonnardi8@mit.edu,Female,18.4.61.217
658,Ernestus,Kale,ekalei9@accuweather.com,Male,33.158.35.212
659,Caritta,Soonhouse,csoonhouseia@weather.com,Genderqueer,97.31.211.77
660,Elmore,Grogono,egrogonoib@i2i.jp,Male,115.118.218.241
661,Werner,Sculpher,wsculpheric@alibaba.com,Agender,170.192.223.146
662,Sella,Nazaret,snazaretid@nymag.com,Female,18.113.119.188
663,Lorianne,Howel,lhowelie@moonfruit.com,Female,61.254.148.46
664,Jen,Boeter,jboeterif@flickr.com,Female,182.42.15.172
665,Yorker,Ambler,yamblerig@ibm.com,Male,239.201.150.226
666,Putnam,Habens,phabensih@vkontakte.ru,Male,123.72.60.72
667,Brodie,Gurge,bgurgeii@shareasale.com,Male,58.187.121.8
668,Enriqueta,Hollyland,ehollylandij@istockphoto.com,Polygender,189.137.138.27
669,Hedwiga,Radley,hradleyik@columbia.edu,Female,202.179.137.209
670,Laure,Wardesworth,lwardesworthil@tinyurl.com,Female,239.255.223.55
671,Yoshiko,Isham,yishamim@nifty.com,Genderfluid,159.133.37.241
672,Laird,Loble,lloblein@nps.gov,Bigender,250.40.159.231
673,Federico,Pittwood,fpittwoodio@topsy.com,Male,5.195.131.172
674,Arnaldo,Kilrow,akilrowip@biglobe.ne.jp,Bigender,29.232.128.71
675,Eliza,MacTrustam,emactrustamiq@dmoz.org,Female,179.10.220.158
676,Dinny,Irlam,dirlamir@prweb.com,Female,65.233.47.211
677,Pansie,Fransinelli,pfransinelliis@mayoclinic.com,Female,173.252.36.130
678,Thorpe,Stepney,tstepneyit@blinklist.com,Male,59.153.208.149
679,Merci,Abbott,mabbottiu@mapy.cz,Female,96.183.231.37
680,Perri,Ruggiero,pruggieroiv@clickbank.net,Female,95.9.117.10
681,Curry,Darrington,cdarringtoniw@ask.com,Male,79.21.191.42
682,Desirae,Valdes,dvaldesix@opera.com,Female,15.33.61.143
683,Duffie,Sprules,dsprulesiy@virginia.edu,Male,221.82.162.103
684,Dana,Greswell,dgreswelliz@jimdo.com,Female,23.117.94.2
685,Wren,Kegg,wkeggj0@topsy.com,Female,158.22.7.48
686,Tyler,Nuzzi,tnuzzij1@paginegialle.it,Male,225.246.200.180
687,Garfield,Keele,gkeelej2@jimdo.com,Male,123.121.121.107
688,Noah,Dugald,ndugaldj3@shinystat.com,Male,122.161.29.126
689,Morly,Lesmonde,mlesmondej4@163.com,Male,142.153.36.201
690,Joycelin,Fernanando,jfernanandoj5@deviantart.com,Female,248.243.203.190
691,Catarina,Mitcheson,cmitchesonj6@instagram.com,Female,9.26.15.25
692,Angelle,Korneichik,akorneichikj7@w3.org,Female,225.142.134.164
693,Jerrold,Reck,jreckj8@yolasite.com,Male,50.223.188.64
694,Ravi,Vinton,rvintonj9@virginia.edu,Male,39.224.164.136
695,Harwilll,Laying,hlayingja@cloudflare.com,Male,92.35.252.85
696,Mason,Pollack,mpollackjb@scribd.com,Male,234.217.96.163
697,Trace,Blandford,tblandfordjc@google.nl,Male,200.82.145.210
698,Dee dee,Thompkins,dthompkinsjd@fc2.com,Female,63.161.147.220
699,Bourke,Tisun,btisunje@cbslocal.com,Male,243.38.195.57
700,Worden,Haydon,whaydonjf@psu.edu,Male,21.77.138.127
701,Shepard,Whitebrook,swhitebrookjg@1und1.de,Male,100.82.243.97
702,Lionel,Gumn,lgumnjh@fastcompany.com,Male,58.92.245.94
703,Berk,Doge,bdogeji@cbslocal.com,Male,186.223.135.200
704,Pip,Sparrowhawk,psparrowhawkjj@bloglines.com,Male,240.249.107.94
705,Hana,Ricks,hricksjk@biglobe.ne.jp,Female,133.122.219.231
706,Mariam,Claye,mclayejl@deviantart.com,Female,229.99.39.39
707,Heida,Matejovsky,hmatejovskyjm@google.co.jp,Polygender,118.156.125.99
708,Rhea,Bauman,rbaumanjn@cafepress.com,Female,23.185.147.88
709,Valaree,Harden,vhardenjo@google.com.br,Female,148.228.61.85
710,Frederick,Laughren,flaughrenjp@moonfruit.com,Male,122.212.31.147
711,Chaddy,Ximenez,cximenezjq@bloomberg.com,Male,204.186.51.15
712,Regen,Bonnefin,rbonnefinjr@photobucket.com,Male,91.94.250.30
713,Ruthann,Jakobsson,rjakobssonjs@mail.ru,Female,247.0.20.221
714,Barron,Kasting,bkastingjt@hc360.com,Male,199.184.96.173
715,Andres,Mason,amasonju@a8.net,Male,243.193.4.65
716,Wilden,Raith,wraithjv@so-net.ne.jp,Male,232.122.255.144
717,Caressa,Whitwell,cwhitwelljw@mail.ru,Female,179.163.44.15
718,Nikkie,Roggeman,nroggemanjx@guardian.co.uk,Female,208.244.82.186
719,Garrot,Linsay,glinsayjy@bing.com,Genderfluid,230.127.73.4
720,Candie,Costin,ccostinjz@discovery.com,Female,227.191.200.228
721,Winthrop,Lourenco,wlourencok0@geocities.com,Male,212.165.27.33
722,Trstram,Goshawk,tgoshawkk1@ameblo.jp,Genderfluid,169.20.172.82
723,Lock,Puleque,lpulequek2@deliciousdays.com,Male,152.118.101.3
724,Stephenie,Greatreax,sgreatreaxk3@icq.com,Female,39.188.217.55
725,Robb,Cornelleau,rcornelleauk4@chronoengine.com,Male,178.241.170.24
726,Debera,Bruckental,dbruckentalk5@wufoo.com,Female,132.174.49.26
727,Collin,Deuss,cdeussk6@alibaba.com,Male,244.83.59.126
728,Englebert,Zanini,ezaninik7@newyorker.com,Male,244.44.18.24
729,Carolyn,Abilowitz,cabilowitzk8@mapquest.com,Female,245.85.249.234
730,Daryl,Figure,dfigurek9@adobe.com,Bigender,188.139.225.112
731,Corine,Glenton,cglentonka@sourceforge.net,Female,64.128.145.75
732,Jedd,Palmby,jpalmbykb@goo.gl,Male,220.190.101.121
733,Idaline,Moorcroft,imoorcroftkc@163.com,Female,32.34.143.78
734,Brandyn,Matteucci,bmatteuccikd@free.fr,Male,235.103.199.100
735,Aila,McBoyle,amcboyleke@sourceforge.net,Female,149.131.224.93
736,Chicky,Perl,cperlkf@nyu.edu,Female,26.165.214.65
737,Marrilee,Petruk,mpetrukkg@economist.com,Polygender,170.93.142.72
738,Lamond,Farress,lfarresskh@devhub.com,Male,106.232.62.0
739,Imelda,Scrange,iscrangeki@1688.com,Female,161.198.37.208
740,Eden,Southway,esouthwaykj@nature.com,Female,28.86.118.100
741,Guinevere,Quincee,gquinceekk@digg.com,Female,100.170.243.127
742,Quint,Fricke,qfrickekl@stumbleupon.com,Male,63.240.230.101
743,Hy,Aird,hairdkm@dion.ne.jp,Male,177.116.72.204
744,Shanda,Putson,sputsonkn@umn.edu,Female,214.198.228.178
745,Mord,McAree,mmcareeko@ovh.net,Genderqueer,246.47.191.200
746,Lauralee,Bogey,lbogeykp@nytimes.com,Female,16.224.112.40
747,Myrtia,Grigorescu,mgrigorescukq@multiply.com,Female,72.171.186.25
748,Shepherd,Andreopolos,sandreopoloskr@ehow.com,Male,44.189.112.54
749,Whitman,Scuse,wscuseks@theglobeandmail.com,Male,211.35.8.70
750,Colan,Peotz,cpeotzkt@nature.com,Male,245.132.172.166
751,Haley,Mundell,hmundellku@addtoany.com,Male,5.104.247.199
752,Yance,Brigge,ybriggekv@skype.com,Male,218.75.13.111
753,Joella,Rosthorn,jrosthornkw@istockphoto.com,Female,198.30.209.247
754,Wilona,Rolling,wrollingkx@technorati.com,Female,145.242.191.126
755,Dag,Dilliway,ddilliwayky@geocities.jp,Male,145.163.94.60
756,Walther,McTrustrie,wmctrustriekz@telegraph.co.uk,Male,167.54.120.49
757,Adams,Mulleary,amullearyl0@ed.gov,Male,207.126.251.233
758,Ayn,Rowlstone,arowlstonel1@pbs.org,Female,91.109.158.120
759,Rustin,Farden,rfardenl2@networkadvertising.org,Male,23.140.242.114
760,Christel,Burnel,cburnell3@domainmarket.com,Female,199.129.232.95
761,Daveta,Cowdry,dcowdryl4@tamu.edu,Female,67.85.77.89
762,Gabby,Lightman,glightmanl5@latimes.com,Male,126.94.218.41
763,Cortney,Vyel,cvyell6@irs.gov,Female,77.197.146.207
764,Alameda,Handley,ahandleyl7@ovh.net,Female,129.230.127.19
765,Davey,Trevor,dtrevorl8@bloomberg.com,Male,168.156.56.101
766,Kurtis,Gulberg,kgulbergl9@aol.com,Male,106.198.60.179
767,Jami,Moseley,jmoseleyla@google.es,Female,144.73.101.105
768,Wilma,Pavolini,wpavolinilb@tinyurl.com,Female,212.133.0.170
769,Karlik,Mineghelli,kmineghellilc@hubpages.com,Genderqueer,144.103.85.188
770,Julia,Jojic,jjojicld@gizmodo.com,Female,49.19.82.71
771,Mariel,Slaughter,mslaughterle@baidu.com,Female,126.146.218.174
772,Theodosia,Hardern,thardernlf@histats.com,Female,36.66.35.77
773,Harriott,Turbill,hturbilllg@360.cn,Female,132.167.233.137
774,Winn,Boggas,wboggaslh@artisteer.com,Male,14.144.147.109
775,Felicdad,Colkett,fcolkettli@narod.ru,Female,130.100.171.103
776,Marleah,Purchon,mpurchonlj@cornell.edu,Female,120.24.173.180
777,Friedrick,De Ferraris,fdeferrarislk@virginia.edu,Male,252.186.56.81
778,Stormy,Geaves,sgeavesll@psu.edu,Female,66.152.42.151
779,Kelley,Arundell,karundelllm@nationalgeographic.com,Female,97.52.195.168
780,Elsinore,Mebs,emebsln@state.gov,Female,69.246.185.245
781,Ignacius,Gingold,igingoldlo@nationalgeographic.com,Male,208.157.193.8
782,Sayres,Fuke,sfukelp@surveymonkey.com,Male,94.56.75.118
783,Danika,Necolds,dnecoldslq@senate.gov,Female,28.184.216.95
784,Letti,Riddiford,lriddifordlr@shutterfly.com,Non-binary,112.185.230.213
785,Ronica,Ivakin,rivakinls@shinystat.com,Genderfluid,163.72.214.250
786,Megen,Mineghelli,mmineghellilt@biglobe.ne.jp,Female,24.178.225.75
787,Harmony,Boston,hbostonlu@imageshack.us,Female,49.228.58.91
788,Quinlan,Kaysor,qkaysorlv@google.co.uk,Male,6.28.224.61
789,Malvin,Duffrie,mduffrielw@bigcartel.com,Male,119.158.179.189
790,Ravi,Abilowitz,rabilowitzlx@amazon.co.uk,Male,205.167.181.228
791,Louisette,Bugler,lbuglerly@webeden.co.uk,Female,139.179.120.149
792,Brockie,Clarridge,bclarridgelz@aboutads.info,Male,234.151.247.10
793,Jemie,Gepheart,jgepheartm0@flickr.com,Female,117.87.158.62
794,Jayne,Nano,jnanom1@sakura.ne.jp,Female,147.186.182.234
795,Lindsey,Willmore,lwillmorem2@washingtonpost.com,Male,214.40.186.180
796,Ruthe,Bucham,rbuchamm3@howstuffworks.com,Female,126.80.254.164
797,Georgeanna,Mobberley,gmobberleym4@engadget.com,Female,86.236.153.146
798,Adan,Wrotham,awrothamm5@abc.net.au,Female,50.209.80.190
799,Nanete,Scutt,nscuttm6@sun.com,Female,152.73.176.93
800,Dorie,Goldsack,dgoldsackm7@hc360.com,Genderqueer,78.26.33.89
801,Chico,Balding,cbaldingm8@artisteer.com,Male,149.177.183.58
802,Lem,Schwant,lschwantm9@wunderground.com,Male,105.176.207.165
803,Kristian,Eyers,keyersma@surveymonkey.com,Genderfluid,79.206.245.244
804,Leontine,Guilleton,lguilletonmb@wikimedia.org,Female,162.149.220.142
805,Codi,Forsyth,cforsythmc@ifeng.com,Male,181.23.59.113
806,Ellynn,Johns,ejohnsmd@marriott.com,Female,96.59.232.168
807,Lorain,Gallacher,lgallacherme@usatoday.com,Genderqueer,238.80.175.161
808,Olly,Gladdor,ogladdormf@reddit.com,Female,80.35.249.14
809,Berenice,Strick,bstrickmg@hugedomains.com,Female,239.40.63.151
810,Hally,Vose,hvosemh@usatoday.com,Female,157.241.247.31
811,Der,Threadgill,dthreadgillmi@scribd.com,Male,41.54.11.249
812,Jolie,Marqyes,jmarqyesmj@163.com,Female,223.141.162.248
813,Rosalinda,Stienton,rstientonmk@washingtonpost.com,Female,65.199.27.206
814,Corry,O'Donohue,codonohueml@google.com.br,Female,89.55.213.253
815,Feodora,Withrington,fwithringtonmm@macromedia.com,Female,178.83.215.16
816,Taddeusz,Beggini,tbegginimn@odnoklassniki.ru,Male,236.15.12.57
817,Nedda,Walklett,nwalklettmo@samsung.com,Genderqueer,245.121.36.231
818,Greggory,Durtnall,gdurtnallmp@purevolume.com,Male,131.61.224.253
819,Cherise,MacKaig,cmackaigmq@list-manage.com,Polygender,245.120.205.101
820,Betty,Robecon,brobeconmr@hostgator.com,Female,113.214.249.82
821,Fletch,Grimster,fgrimsterms@cornell.edu,Male,212.220.105.7
822,Gaye,Everson,geversonmt@tuttocitta.it,Female,18.225.13.43
823,Parnell,Gruby,pgrubymu@auda.org.au,Male,184.241.95.106
824,Lanae,Stotherfield,lstotherfieldmv@mozilla.org,Female,88.34.20.17
825,Helsa,Camili,hcamilimw@hubpages.com,Female,225.5.109.139
826,Morissa,Izakov,mizakovmx@tumblr.com,Non-binary,21.27.187.31
827,Lazare,Mil,lmilmy@furl.net,Non-binary,110.165.3.15
828,Sarene,Whimper,swhimpermz@123-reg.co.uk,Bigender,238.247.17.58
829,Deedee,Jermin,djerminn0@weibo.com,Female,118.208.161.41
830,Ansley,Mc-Kerley,amckerleyn1@slate.com,Genderfluid,144.79.151.47
831,Paolo,Ticic,pticicn2@cargocollective.com,Male,123.46.30.63
832,Godiva,Makin,gmakinn3@vistaprint.com,Female,107.169.251.243
833,Hedvige,Cavalier,hcavaliern4@cnbc.com,Female,217.88.115.189
834,Melli,Eykelbosch,meykelboschn5@pinterest.com,Female,61.167.222.197
835,Jacques,Saterweyte,jsaterweyten6@dot.gov,Male,96.212.210.114
836,Carleton,Tabour,ctabourn7@slashdot.org,Male,238.87.228.48
837,Emalee,Alywin,ealywinn8@noaa.gov,Female,67.78.189.170
838,Billi,Sans,bsansn9@weebly.com,Female,69.76.243.7
839,Alisa,Wrangle,awranglena@nih.gov,Agender,103.218.77.125
840,Winne,Claypoole,wclaypoolenb@tinypic.com,Female,100.144.152.26
841,Chantalle,De Gregario,cdegregarionc@cbc.ca,Female,254.58.224.44
842,Vonnie,Ovey,voveynd@furl.net,Female,61.181.226.184
843,Joycelin,Kirwan,jkirwanne@yahoo.com,Female,73.202.81.52
844,Jaquelin,Pinare,jpinarenf@livejournal.com,Female,205.39.20.116
845,Bancroft,Batho,bbathong@sbwire.com,Male,241.31.53.18
846,Doria,Hazel,dhazelnh@people.com.cn,Female,15.150.63.220
847,Porty,Buesnel,pbuesnelni@wikimedia.org,Male,155.217.146.84
848,Jane,Vasyunkin,jvasyunkinnj@i2i.jp,Female,20.249.116.189
849,Caressa,Le Franc,clefrancnk@bloglines.com,Female,58.77.195.23
850,Royce,Fishly,rfishlynl@reference.com,Male,9.175.76.198
851,Florentia,Venables,fvenablesnm@naver.com,Female,237.141.68.254
852,Farly,Bluschke,fbluschkenn@mlb.com,Male,228.61.135.228
853,Xever,Comazzo,xcomazzono@cnn.com,Male,139.215.206.63
854,Sapphire,Frye,sfryenp@diigo.com,Female,149.148.176.156
855,Karlene,Landreth,klandrethnq@geocities.jp,Female,174.254.48.124
856,Morty,Durie,mdurienr@jiathis.com,Male,122.178.16.31
857,Pembroke,Udie,pudiens@google.com.hk,Male,32.69.86.94
858,Skipton,Dassindale,sdassindalent@bbb.org,Bigender,236.199.38.113
859,Gail,Simmell,gsimmellnu@constantcontact.com,Male,161.239.182.168
860,Mercy,Highway,mhighwaynv@youtube.com,Female,194.205.217.190
861,Griffith,Klass,gklassnw@hao123.com,Polygender,232.41.162.170
862,Paxton,McMoyer,pmcmoyernx@dailymail.co.uk,Male,2.108.64.113
863,Mikael,Klehn,mklehnny@hud.gov,Male,252.82.189.211
864,Issy,Weakley,iweakleynz@tamu.edu,Female,54.12.159.87
865,Kenn,Texton,ktextono0@java.com,Male,160.177.7.76
866,Cyril,Briscow,cbriscowo1@nymag.com,Male,230.9.123.156
867,Arleta,Suthworth,asuthwortho2@shinystat.com,Female,164.161.227.81
868,Nye,Trythall,ntrythallo3@feedburner.com,Male,195.191.12.164
869,Misty,Bucher,mbuchero4@noaa.gov,Female,66.193.71.16
870,Loydie,Brucker,lbruckero5@amazon.co.jp,Male,49.180.247.96
871,Gordon,Wheatley,gwheatleyo6@shareasale.com,Male,130.30.243.210
872,Barnie,Buckby,bbuckbyo7@house.gov,Male,255.31.120.217
873,Tam,Stileman,tstilemano8@histats.com,Male,240.108.124.87
874,Meaghan,Nicol,mnicolo9@goodreads.com,Female,75.146.5.209
875,Tedmund,Roddam,troddamoa@nifty.com,Male,23.242.87.223
876,Raleigh,Tegler,rteglerob@icio.us,Male,150.133.13.183
877,Sheri,Kimbling,skimblingoc@prweb.com,Female,57.139.55.49
878,Mellie,Ashbolt,mashboltod@simplemachines.org,Agender,212.245.168.162
879,Norbie,Sutor,nsutoroe@wiley.com,Male,76.32.165.169
880,Misti,Korn,mkornof@gnu.org,Female,246.104.113.248
881,Thalia,Crowson,tcrowsonog@tinyurl.com,Female,37.229.152.25
882,Arv,Brant,abrantoh@berkeley.edu,Male,132.39.129.164
883,Zia,Spur,zspuroi@mtv.com,Female,115.201.207.141
884,Deb,Sifleet,dsifleetoj@tinypic.com,Female,5.176.55.75
885,Merle,Messent,mmessentok@statcounter.com,Male,126.201.245.46
886,Ferd,Zuan,fzuanol@google.pl,Male,214.82.85.218
887,Juliette,Vink,jvinkom@dot.gov,Female,96.187.211.213
888,Loni,Ridges,lridgeson@disqus.com,Female,52.254.19.230
889,Bethanne,Maddin,bmaddinoo@goodreads.com,Female,246.149.13.179
890,Shepard,Gillebride,sgillebrideop@elpais.com,Male,73.185.9.61
891,Tiffanie,Giraudy,tgiraudyoq@go.com,Female,64.48.46.160
892,Prinz,Beange,pbeangeor@is.gd,Male,208.117.250.174
893,Osbert,Fahy,ofahyos@aol.com,Male,181.157.77.238
894,Lemmie,Widmoor,lwidmoorot@seesaa.net,Male,124.184.183.248
895,Prent,Le Galle,plegalleou@comcast.net,Male,45.154.133.77
896,Brit,Darbishire,bdarbishireov@github.io,Female,121.92.72.54
897,Charline,Humpatch,chumpatchow@rakuten.co.jp,Female,217.113.98.227
898,Adolpho,Edwin,aedwinox@netscape.com,Male,226.219.216.59
899,Minnie,Southwood,msouthwoodoy@who.int,Female,105.3.233.156
900,Luca,Gillimgham,lgillimghamoz@ucla.edu,Male,55.140.231.230
901,Laney,Walcot,lwalcotp0@examiner.com,Female,217.13.131.42
902,Hilarius,Sweynson,hsweynsonp1@sina.com.cn,Male,71.157.100.5
903,Cthrine,Garnsworth,cgarnsworthp2@instagram.com,Female,220.160.18.34
904,Clarence,Glazyer,cglazyerp3@nba.com,Male,226.36.250.1
905,Nariko,Cloutt,nclouttp4@twitter.com,Female,43.235.80.24
906,Claire,Burns,cburnsp5@shutterfly.com,Male,38.91.121.6
907,Andros,Hanmore,ahanmorep6@weebly.com,Agender,64.69.121.224
908,Carol,Buesden,cbuesdenp7@washington.edu,Female,245.25.235.132
909,Glennis,Jenks,gjenksp8@archive.org,Female,238.174.145.215
910,Sandie,Heinrici,sheinricip9@addthis.com,Female,134.229.205.128
911,Dynah,Issac,dissacpa@webs.com,Female,129.143.20.144
912,Camel,Hewes,chewespb@slideshare.net,Female,189.106.221.228
913,Riccardo,Matthisson,rmatthissonpc@ucoz.com,Male,220.104.150.20
914,Kylila,Di Maria,kdimariapd@deliciousdays.com,Female,236.47.131.251
915,Gustave,MacEveley,gmaceveleype@de.vu,Male,226.100.238.157
916,Javier,Jeeves,jjeevespf@redcross.org,Male,162.1.6.141
917,Bernadine,McDonand,bmcdonandpg@house.gov,Female,173.109.189.42
918,Briny,Kedie,bkedieph@adobe.com,Female,103.152.3.173
919,Clive,Rennolds,crennoldspi@reddit.com,Male,160.92.22.219
920,Venus,Falconer-Taylor,vfalconertaylorpj@reuters.com,Female,9.218.104.34
921,Jobey,Faulkner,jfaulknerpk@hp.com,Agender,224.4.62.36
922,Jeff,Vines,jvinespl@illinois.edu,Male,112.240.53.222
923,Marcia,Rosling,mroslingpm@walmart.com,Female,186.34.176.255
924,Othella,Eburah,oeburahpn@sakura.ne.jp,Female,229.188.193.188
925,Antoinette,Madgwick,amadgwickpo@mit.edu,Genderqueer,212.158.184.54
926,Evelin,Gloucester,egloucesterpp@twitpic.com,Male,133.51.184.245
927,Charlton,Messitt,cmessittpq@cisco.com,Male,205.11.197.192
928,Anica,Kubatsch,akubatschpr@yandex.ru,Female,132.62.2.130
929,Antoine,Twaite,atwaiteps@cnn.com,Male,24.90.135.162
930,Dacey,Vokins,dvokinspt@blog.com,Female,49.81.148.203
931,Joni,Orro,jorropu@theatlantic.com,Female,67.4.140.160
932,Christye,Parcell,cparcellpv@aboutads.info,Female,23.178.188.48
933,Odella,Gianni,ogiannipw@unicef.org,Female,179.180.199.160
934,Lucila,Chamberlen,lchamberlenpx@goodreads.com,Female,80.86.14.154
935,Fan,Mincini,fmincinipy@go.com,Female,64.203.75.246
936,Morgun,Matiebe,mmatiebepz@tmall.com,Male,18.31.148.202
937,Keene,Lewendon,klewendonq0@irs.gov,Male,185.214.240.170
938,Cornell,Mayell,cmayellq1@berkeley.edu,Male,222.133.228.3
939,Kelila,Crankhorn,kcrankhornq2@artisteer.com,Polygender,196.17.168.221
940,Barry,Fearney,bfearneyq3@yellowpages.com,Female,126.177.136.10
941,Georges,Paish,gpaishq4@go.com,Male,247.37.237.45
942,Lorie,Rastrick,lrastrickq5@geocities.jp,Female,184.186.21.81
943,Nestor,Allardyce,nallardyceq6@ebay.co.uk,Male,59.246.149.235
944,Wiatt,Siemons,wsiemonsq7@nsw.gov.au,Genderqueer,179.189.160.57
945,Raphael,Dunnett,rdunnettq8@wsj.com,Male,68.98.38.153
946,Nathanael,Debill,ndebillq9@weather.com,Male,33.179.109.156
947,Therine,Perceval,tpercevalqa@yale.edu,Genderfluid,74.222.156.135
948,Bond,Smart,bsmartqb@homestead.com,Male,93.197.174.90
949,Elroy,Nisot,enisotqc@gizmodo.com,Male,125.169.42.111
950,Netty,Bartram,nbartramqd@irs.gov,Female,4.192.213.57
951,Foster,Cobley,fcobleyqe@seattletimes.com,Male,235.212.228.56
952,Daisie,Roocroft,droocroftqf@army.mil,Genderqueer,55.41.155.84
953,Jemmie,Philipeau,jphilipeauqg@infoseek.co.jp,Female,132.124.151.219
954,Osborne,Seeking,oseekingqh@uol.com.br,Male,123.151.156.10
955,Gerti,Dearle,gdearleqi@amazon.co.jp,Female,199.194.135.254
956,Barr,Frid,bfridqj@gnu.org,Male,176.250.219.134
957,Marshall,Lindell,mlindellqk@tmall.com,Male,79.185.215.181
958,Staffard,Leades,sleadesql@ifeng.com,Male,34.91.168.114
959,Zeb,Antram,zantramqm@dyndns.org,Male,61.235.153.173
960,Corena,Spong,cspongqn@weebly.com,Female,86.205.122.94
961,Colas,Rockey,crockeyqo@si.edu,Male,67.227.72.20
962,Lilith,Tearney,ltearneyqp@techcrunch.com,Female,201.108.0.26
963,Donall,Marcam,dmarcamqq@ifeng.com,Male,238.99.217.38
964,Milli,O' Bee,mobeeqr@feedburner.com,Female,164.173.254.168
965,Gustavo,Benkhe,gbenkheqs@edublogs.org,Male,132.12.29.218
966,Keelby,Mebius,kmebiusqt@cnet.com,Male,226.77.21.57
967,Cilka,Trethewey,ctretheweyqu@paginegialle.it,Female,148.212.88.131
968,Ferdinand,Pattingson,fpattingsonqv@people.com.cn,Male,131.180.33.25
969,Andrew,Scadden,ascaddenqw@linkedin.com,Agender,17.50.27.235
970,Ferrel,Jirus,fjirusqx@archive.org,Male,91.77.49.158
971,Panchito,Ofield,pofieldqy@theguardian.com,Male,63.16.24.120
972,Urban,Luff,uluffqz@sogou.com,Male,91.225.194.249
973,Tabbie,Marriage,tmarriager0@histats.com,Female,229.37.7.170
974,Robert,Belchem,rbelchemr1@chron.com,Male,65.154.144.216
975,Henri,Kardos-Stowe,hkardosstower2@nasa.gov,Male,100.167.110.172
976,Clywd,Fearnill,cfearnillr3@opensource.org,Male,251.74.83.150
977,Arthur,Hanaby,ahanabyr4@prnewswire.com,Male,35.212.12.45
978,Lorene,Stouther,lstoutherr5@usnews.com,Female,124.123.231.3
979,Byrann,Aspell,baspellr6@columbia.edu,Male,98.189.97.2
980,Maddy,Kluge,mkluger7@simplemachines.org,Female,255.108.236.77
981,Jess,Tapner,jtapnerr8@joomla.org,Male,13.105.228.22
982,Jannel,O'Dougherty,jodoughertyr9@statcounter.com,Female,143.117.49.102
983,Clementius,Gislebert,cgislebertra@artisteer.com,Male,43.150.249.94
984,Kip,Dillon,kdillonrb@pinterest.com,Male,179.240.105.102
985,Drucill,Rolling,drollingrc@hc360.com,Female,228.144.127.96
986,Sharline,Barkley,sbarkleyrd@marriott.com,Female,129.219.244.168
987,Wilden,Gainseford,wgainsefordre@meetup.com,Male,54.116.109.101
988,Kenton,Petrollo,kpetrollorf@discovery.com,Male,215.245.77.160
989,Reggie,Tuxwell,rtuxwellrg@yahoo.com,Female,255.80.37.229
990,Stacy,Sidey,ssideyrh@webmd.com,Male,222.236.49.147
991,Ivor,Vickerstaff,ivickerstaffri@cnbc.com,Male,56.226.143.200
992,Adelina,Beedom,abeedomrj@ox.ac.uk,Female,246.0.174.52
993,Rodie,Dowling,rdowlingrk@mozilla.org,Female,74.17.105.154
994,Caresa,Francke,cfranckerl@cbc.ca,Female,118.74.139.25
995,Berna,Chestney,bchestneyrm@wikispaces.com,Female,182.101.13.227
996,Merrill,Gurner,mgurnerrn@themeforest.net,Female,88.20.145.206
997,Ciro,Steptow,csteptowro@4shared.com,Male,38.133.213.0
998,Papageno,Ferebee,pferebeerp@goo.gl,Male,251.139.118.106
999,Merline,Bernth,mbernthrq@ezinearticles.com,Female,77.207.216.131
1000,Sax,Bennington,sbenningtonrr@drupal.org,Genderfluid,144.101.66.104
